STATE,DISTRICT,TOTAL_ENROLLMENT,AGE_0_5,AGE_5_17,AGE_18_PLUS,POPULATION,PENETRATION_PCT,MONTHLY_VELOCITY,MONTHS_OF_DATA
MEGHALAYA,EAST KHASI HILLS,28812,4258,14606,9948,,,3201,9
KARNATAKA,BENGALURU URBAN,23074,12111,7167,3796,,,7691,3
UTTAR PRADESH,KANPUR NAGAR,24708,11427,12606,675,4572951,0.540308,2745,9
UTTAR PRADESH,ALIGARH,26192,13830,11776,586,3673889,0.712923,2910,9
BIHAR,SITAMARHI,42232,20679,18856,2697,3423574,1.233565,4692,9
UTTAR PRADESH,BAHRAICH,39338,14674,22360,2304,3487731,1.127897,4371,9
UTTAR PRADESH,FIROZABAD,12300,7250,4926,124,2498156,0.492363,1757,7
BIHAR,PURBI CHAMPARAN,14871,4000,10071,800,,,4957,3
UTTAR PRADESH,MAHARAJGANJ,17871,6132,11265,474,2665292,0.670508,1986,9
MAHARASHTRA,AURANGABAD,17393,12374,4874,145,3695928,0.470599,2485,7
UTTAR PRADESH,GHAZIABAD,23070,11984,10693,393,4681645,0.492776,2884,8
HARYANA,FARIDABAD,16155,12607,3225,323,1809733,0.892673,1795,9
BIHAR,MADHUBANI,25930,12598,12534,798,4487379,0.577843,2881,9
RAJASTHAN,SIKAR,11400,8163,3061,176,2677333,0.425797,1629,7
BIHAR,BHAGALPUR,21062,10456,10229,377,3037766,0.693338,2340,9
PUNJAB,AMRITSAR,9655,7633,1775,247,2490891,0.387612,1207,8
HARYANA,GURUGRAM,2636,1804,625,207,1514432,0.174059,879,3
UTTAR PRADESH,GAUTAM BUDDHA NAGAR,18957,9002,9318,637,1674714,1.131954,2106,9
DELHI,WEST DELHI,19414,14000,4405,1009,2543243,0.763356,2157,9
MADHYA PRADESH,BHIND,13967,8483,4845,639,1703005,0.820139,1552,9
MADHYA PRADESH,GWALIOR,18542,12110,5602,830,2032036,0.912484,2060,9
MADHYA PRADESH,KATNI,10941,8413,2410,118,1292042,0.846799,1368,8
WEST BENGAL,COOCHBEHAR,4410,2140,2087,183,,,1470,3
UTTAR PRADESH,LUCKNOW,25514,13739,11321,454,4588455,0.556048,2835,9
WEST BENGAL,DINAJPUR UTTAR,11671,6478,4859,334,,,3890,3
ASSAM,MARIGAON,10487,6735,2928,824,,,1165,9
ASSAM,KOKRAJHAR,4609,2519,1572,518,886999,0.519617,512,9
UTTAR PRADESH,AGRA,29910,16314,12691,905,4418797,0.676881,3323,9
UTTARAKHAND,HARIDWAR,5955,4688,1215,52,,,993,6
ASSAM,NAGAON,12873,9002,3478,393,2826006,0.455519,1609,8
MAHARASHTRA,PARBHANI,6272,5062,1011,199,1836086,0.341596,896,7
MEGHALAYA,WEST KHASI HILLS,15898,2410,8178,5310,,,1766,9
DELHI,NORTH WEST DELHI,16043,12395,3293,355,3656539,0.438748,1783,9
MEGHALAYA,WEST JAINTIA HILLS,11816,2382,5636,3798,,,1313,9
UTTAR PRADESH,UNNAO,19148,9838,8943,367,3110595,0.615574,2128,9
UTTAR PRADESH,SAHARANPUR,19166,13708,5359,99,3464228,0.553255,2396,8
ASSAM,DIBRUGARH,7062,3895,1675,1492,1327748,0.531878,785,9
ASSAM,UDALGURI,4565,2658,1322,585,832769,0.548171,652,7
ASSAM,CHIRANG,3348,2013,1071,264,481818,0.694868,478,7
ASSAM,KAMRUP,13666,9311,3370,985,1517542,0.900535,1518,9
ASSAM,DHUBRI,12646,8432,3849,365,1948632,0.648968,1581,8
UTTAR PRADESH,JAUNPUR,15853,5400,10237,216,4494204,0.352743,2265,7
MAHARASHTRA,THANE,43688,29092,13629,967,11060148,0.395004,4854,9
ASSAM,DHEMAJI,6901,3864,1846,1191,686133,1.005782,767,9
GUJARAT,BANAS KANTHA,13498,5997,6719,782,,,1928,7
ASSAM,TINSUKIA,8384,3884,2867,1633,1316948,0.636623,1048,8
ANDHRA PRADESH,SPSR NELLORE,2183,1167,713,303,,,728,3
ASSAM,BARPETA,14383,10545,3306,532,1693190,0.849462,1598,9
ASSAM,SONITPUR,9197,5501,2723,973,1925975,0.477524,1022,9
ASSAM,BAKSA,3699,2120,1179,400,950075,0.389338,411,9
PUNJAB,LUDHIANA,17614,12209,4573,832,3498739,0.503439,1957,9
GUJARAT,PATAN,8967,6023,2228,716,1342746,0.667811,996,9
TAMIL NADU,KANCHIPURAM,387,277,89,21,3998252,0.009679,97,4
BIHAR,PATNA,24644,6745,17151,748,5838465,0.422097,2738,9
ASSAM,LAKHIMPUR,7199,4726,1825,648,1040644,0.691783,800,9
ASSAM,BONGAIGAON,3175,2324,626,225,738804,0.429749,353,9
GUJARAT,VADODARA,12284,9306,2433,545,4157568,0.295461,1365,9
UTTARAKHAND,NAINITAL,3951,3417,458,76,,,659,6
UTTARAKHAND,DEHRADUN,9485,7797,1554,134,,,1054,9
ASSAM,HOJAI,7050,5288,1607,155,931218,0.757073,881,8
GUJARAT,DOHAD,13003,5003,7330,670,,,1858,7
GUJARAT,MORBI,8004,5548,1803,653,960329,0.833464,889,9
CHHATTISGARH,RAIPUR,7041,6205,779,57,4063872,0.173258,1174,6
UTTAR PRADESH,GORAKHPUR,19969,7454,12090,425,4436275,0.450130,2219,9
UTTAR PRADESH,BULANDSHAHR,16885,9155,7521,209,3499171,0.482543,2111,8
UTTAR PRADESH,MATHURA,11746,5851,5766,129,2541894,0.462096,1678,7
BIHAR,PASHCHIM CHAMPARAN,16359,5060,10737,562,,,2337,7
CHHATTISGARH,BIJAPUR,6724,3601,1761,1362,255230,2.634487,747,9
JHARKHAND,DEOGHAR,8324,4518,3679,127,1492073,0.557882,1387,6
BIHAR,MUZAFFARPUR,28855,14087,14103,665,4801062,0.601013,3206,9
UTTAR PRADESH,BANDA,10591,4825,5563,203,1799410,0.588582,1177,9
GUJARAT,KACHCHH,9302,6176,2605,521,2092371,0.444567,1034,9
MEGHALAYA,RI BHOI,9308,1338,4598,3372,,,1034,9
ASSAM,DARRANG,7595,4390,1914,1291,928500,0.817986,949,8
MADHYA PRADESH,ASHOK NAGAR,5178,3726,1285,167,,,863,6
WEST BENGAL,DARJEELING,7319,3967,2579,773,1846823,0.396302,915,8
ASSAM,NORTH CACHAR HILLS,1058,501,420,137,,,176,6
JHARKHAND,RANCHI,14265,9318,4613,334,2914253,0.489491,2038,7
GUJARAT,SURAT,25469,18412,6399,658,6081322,0.418807,3638,7
MAHARASHTRA,NANDED,11947,9164,2447,336,3361292,0.355429,1493,8
KARNATAKA,BENGALURU,30980,20441,6732,3807,,,5163,6
ASSAM,JORHAT,4887,2905,1122,860,1091295,0.447817,611,8
GUJARAT,GIR SOMNATH,5723,4375,975,373,1217477,0.470070,818,7
ASSAM,KAMRUP METRO,6046,2654,2055,1337,,,756,8
ASSAM,GOALPARA,9898,6881,2220,797,1008959,0.981011,1237,8
GUJARAT,BHAVNAGAR,10174,8420,1309,445,2880365,0.353219,1453,7
ASSAM,GOLAGHAT,11505,5537,4047,1921,1058674,1.086737,1438,8
MAHARASHTRA,NAGPUR,11828,10093,1502,233,4653570,0.254170,1690,7
WEST BENGAL,COOCH BEHAR,10728,7262,3220,246,2822780,0.380051,1788,6
MAHARASHTRA,JALGAON,13260,10454,2579,227,4229917,0.313481,1894,7
MAHARASHTRA,HINGOLI,8189,6359,1457,373,1177345,0.695548,1024,8
MAHARASHTRA,AHMADNAGAR,11836,9369,2338,129,,,2367,5
GUJARAT,GANDHINAGAR,5650,4075,837,738,1391753,0.405963,706,8
WEST BENGAL,NORTH 24 PARGANAS,28606,21517,5741,1348,10082852,0.283709,4768,6
BIHAR,MUNGER,6087,2445,3534,108,1367765,0.445033,870,7
NAGALAND,KOHIMA,1621,562,952,107,,,270,6
RAJASTHAN,JALOR,13991,7882,5875,234,,,2798,5
GUJARAT,KHEDA,7567,5826,1224,517,2299885,0.329016,1081,7
ASSAM,NALBARI,3881,2709,977,195,769919,0.504079,647,6
MAHARASHTRA,PALGHAR,10699,7343,3191,165,2990116,0.357812,1337,8
RAJASTHAN,JODHPUR,22215,14563,6724,928,3687165,0.602495,2777,8
DELHI,CENTRAL DELHI,3947,2761,993,193,582320,0.677806,493,8
BIHAR,GAYA,27401,6722,20244,435,4391418,0.623967,3425,8
GUJARAT,SABARKANTHA,5115,3603,1173,339,2428589,0.210616,853,6
NAGALAND,DIMAPUR,3196,1118,1802,276,,,400,8
ASSAM,CACHAR,17514,11474,4513,1527,1736319,1.008686,2502,7
GUJARAT,BANASKANTHA,17360,9944,5781,1635,3116045,0.557116,2893,6
UTTAR PRADESH,KHERI,24578,11282,12841,455,,,3072,8
GUJARAT,RAJKOT,17070,12419,3732,919,3804558,0.448672,2134,8
MAHARASHTRA,SATARA,6021,5148,717,156,3003741,0.200450,753,8
MADHYA PRADESH,BETUL,8166,6829,1207,130,1575362,0.518357,1361,6
ASSAM,WEST KARBI ANGLONG,1884,390,987,507,313232,0.601471,236,8
DELHI,SOUTH DELHI,13395,10138,2780,477,2731929,0.490313,1674,8
MAHARASHTRA,RAIGAD,3433,2585,743,105,2634200,0.130324,572,6
WEST BENGAL,UTTAR DINAJPUR,26892,18397,8127,368,3000849,0.896146,4482,6
MADHYA PRADESH,GUNA,9811,7496,2249,66,1241519,0.790242,1635,6
BIHAR,KAIMUR (BHABUA),7825,3033,4707,85,,,978,8
RAJASTHAN,DHOLPUR,8580,5719,2711,150,1206516,0.711139,1430,6
MANIPUR,CHURACHANDPUR,4638,1256,3274,108,,,663,7
BIHAR,WEST CHAMPARAN,30438,11585,18070,783,3935042,0.773511,5073,6
GUJARAT,BHARUCH,4351,3745,508,98,1551019,0.280525,725,6
WEST BENGAL,JHARGRAM,962,741,171,50,1136548,0.084642,192,5
MADHYA PRADESH,KHARGONE,15039,9870,4663,506,1872413,0.803188,1880,8
GUJARAT,CHHOTAUDEPUR,4107,2215,1303,589,,,513,8
MAHARASHTRA,MUMBAI SUBURBAN,18216,12480,4946,790,9356962,0.194679,2602,7
ASSAM,HAILAKANDI,5578,3826,1441,311,659260,0.846100,930,6
GUJARAT,PANCHMAHALS,6279,4828,1122,329,,,1047,6
ASSAM,SOUTH SALMARA MANKACHAR,1472,1062,364,46,,,294,5
UTTAR PRADESH,BUDAUN,15529,7773,7407,349,3712738,0.418263,1941,8
UTTAR PRADESH,KANPUR DEHAT,8017,4032,3802,183,1795092,0.446607,1336,6
GUJARAT,PORBANDAR,2519,2006,332,181,586062,0.429818,360,7
MEGHALAYA,WEST GARO HILLS,15875,4545,6790,4540,,,1984,8
PUNJAB,KAPURTHALA,3726,2067,446,1213,817668,0.455686,466,8
MEGHALAYA,SOUTH GARO HILLS,4441,568,2427,1446,,,555,8
RAJASTHAN,NAGAUR,17267,11618,5441,208,3307743,0.522018,2467,7
KARNATAKA,MYSURU,4361,3650,463,248,,,727,6
GUJARAT,MAHESANA,6490,5289,908,293,,,927,7
RAJASTHAN,CHURU,12780,7888,4732,160,2041172,0.626111,1826,7
TELANGANA,HYDERABAD,25990,19721,5600,669,3943323,0.659089,3249,8
TAMIL NADU,KANCHEEPURAM,13050,9629,3354,67,,,2610,5
UTTAR PRADESH,VARANASI,23334,9479,13404,451,3676841,0.634621,2917,8
JHARKHAND,LOHARDAGA,2959,1984,919,56,461738,0.640840,493,6
MEGHALAYA,NORTH GARO HILLS,3069,457,1854,758,,,438,7
MADHYA PRADESH,CHHATARPUR,17836,11504,5965,367,1762857,1.011767,2230,8
WEST BENGAL,NADIA,17716,13249,3624,843,5167600,0.342828,2215,8
BIHAR,PURNIA,20100,12195,7721,184,3264619,0.615692,2871,7
HARYANA,GURGAON,6861,5417,1247,197,,,1144,6
ASSAM,CHARAIDEO,1189,659,336,194,472278,0.251758,198,6
RAJASTHAN,JAIPUR,31146,21436,8976,734,6626178,0.470045,4449,7
BIHAR,SARAN,24218,7592,16407,219,3943098,0.614187,3460,7
MADHYA PRADESH,MORENA,22381,14064,7647,670,1965137,1.138903,2798,8
MADHYA PRADESH,DHAR,12712,8734,3553,425,2184672,0.581872,1816,7
GUJARAT,DAHOD,10509,5341,3891,1277,2127086,0.494056,1752,6
GUJARAT,DEVBHUMI DWARKA,2490,1845,422,223,,,356,7
BIHAR,EAST CHAMPARAN,29323,10147,18371,805,5099371,0.575032,4887,6
GUJARAT,TAPI,2212,1856,205,151,807022,0.274094,442,5
UTTAR PRADESH,BAGHPAT,6839,3482,3203,154,1303048,0.524846,977,7
UTTAR PRADESH,FATEHPUR,12333,6526,5582,225,2632684,0.468457,1542,8
MEGHALAYA,SOUTH WEST KHASI HILLS,3446,789,1543,1114,,,431,8
KARNATAKA,YADGIR,6947,5420,1416,111,1173270,0.592106,1389,5
MAHARASHTRA,NANDURBAR,10516,7649,2630,237,1648295,0.637993,1502,7
UTTAR PRADESH,ETAWAH,7154,4173,2865,116,1581810,0.452267,1192,6
WEST BENGAL,JALPAIGURI,10654,5674,4442,538,3872846,0.275095,1332,8
MADHYA PRADESH,JABALPUR,12467,10653,1713,101,2460714,0.506642,2078,6
UTTAR PRADESH,SHAMLI,8200,5530,2613,57,1274815,0.643231,1640,5
ASSAM,SIBSAGAR,2737,1561,514,662,,,456,6
MADHYA PRADESH,BARWANI,21823,12801,8355,667,1385659,1.574919,2728,8
GUJARAT,BOTAD,2947,2302,474,171,656005,0.449234,421,7
GUJARAT,JUNAGADH,5536,4876,568,92,2743082,0.201817,1107,5
UTTAR PRADESH,BALRAMPUR,12324,4181,7907,236,2149066,0.573458,1761,7
UTTAR PRADESH,BARA BANKI,9086,5776,3218,92,,,1817,5
MADHYA PRADESH,SHIVPURI,12741,7127,4867,747,1726050,0.738159,1820,7
MAHARASHTRA,BEED,10185,7454,2461,270,2585962,0.393857,1273,8
UTTAR PRADESH,SHAHJAHANPUR,24291,12811,11033,447,3002376,0.809059,3036,8
GUJARAT,JAMNAGAR,6078,4998,799,281,2160119,0.281373,868,7
MAHARASHTRA,CHANDRAPUR,4475,4014,375,86,2194262,0.203941,639,7
CHHATTISGARH,DURG,4095,3528,520,47,3343079,0.122492,683,6
TELANGANA,K.V. RANGAREDDY,17409,13564,3681,164,,,3482,5
RAJASTHAN,SIROHI,10732,5500,4853,379,1036346,1.035561,1342,8
WEST BENGAL,ALIPURDUAR,3673,1521,1714,438,1491250,0.246303,459,8
DELHI,SOUTH WEST DELHI,9255,6951,1945,359,2292363,0.403732,1157,8
UTTAR PRADESH,GONDA,15267,7445,7494,328,3433919,0.444594,2545,6
MEGHALAYA,EAST JAINTIA HILLS,5133,983,2354,1796,,,642,8
UTTAR PRADESH,BAREILLY,27811,17187,10017,607,4448359,0.625197,3476,8
RAJASTHAN,BUNDI,4872,3414,1334,124,1110906,0.438561,812,6
MAHARASHTRA,SOLAPUR,12292,9537,2495,260,4317756,0.284685,1756,7
UTTAR PRADESH,SITAPUR,30854,16237,13869,748,4474446,0.689560,3857,8
JHARKHAND,DUMKA,5825,2743,2996,86,1321442,0.440806,832,7
UTTAR PRADESH,SULTANPUR,11434,5465,5837,132,3790922,0.301615,1429,8
ASSAM,KARBI ANGLONG,8107,2918,4107,1082,965280,0.839860,1351,6
RAJASTHAN,BIKANER,13283,7464,5620,199,2363937,0.561902,1660,8
NAGALAND,PHEK,1043,309,695,39,,,209,5
MADHYA PRADESH,RAISEN,7567,6215,1230,122,1331699,0.568221,1513,5
UTTAR PRADESH,SHRAWASTI,5117,1816,3151,150,1114615,0.459082,853,6
DELHI,EAST DELHI,10736,8055,2458,223,1709346,0.628076,1342,8
MADHYA PRADESH,JHABUA,13488,6586,6570,332,1024091,1.317070,1686,8
TRIPURA,UNAKOTI,639,433,179,27,,,128,5
MADHYA PRADESH,INDORE,22303,16685,5009,609,3272335,0.681562,2788,8
MADHYA PRADESH,BHOPAL,12862,11256,1452,154,2371061,0.542458,1837,7
RAJASTHAN,DUNGARPUR,6571,3869,2649,53,1388552,0.473227,1314,5
UTTAR PRADESH,CHANDAULI,9566,4405,4986,175,1952713,0.489883,1196,8
RAJASTHAN,BHARATPUR,17054,10236,6643,175,2548462,0.669188,2842,6
UTTAR PRADESH,MAINPURI,11726,5056,6483,187,1868529,0.627552,1675,7
JHARKHAND,GODDA,5390,3238,2135,17,1313551,0.410338,1078,5
UTTAR PRADESH,MUZAFFARNAGAR,11949,7250,4575,124,4138605,0.288720,1992,6
UTTAR PRADESH,SIDDHARTHNAGAR,14013,4875,8739,399,2553526,0.548771,2336,6
MADHYA PRADESH,DATIA,5843,3995,1805,43,786375,0.743030,974,6
TRIPURA,WEST TRIPURA,2802,1963,764,75,,,560,5
TELANGANA,MEDCHAL-MALKAJGIRI,4070,3064,900,106,,,814,5
MADHYA PRADESH,SAGAR,13841,11572,1882,387,2378458,0.581932,1977,7
MADHYA PRADESH,SHEOPUR,7230,3765,3326,139,687952,1.050945,1033,7
GUJARAT,ARVALLI,2391,1952,322,117,,,399,6
GUJARAT,SURENDRA NAGAR,6855,4853,1665,337,,,1143,6
WEST BENGAL,MALDA,15830,11789,3957,84,3988845,0.396857,2638,6
GUJARAT,AMRELI,4293,3460,587,246,1514190,0.283518,716,6
RAJASTHAN,ALWAR,23383,15764,7314,305,3674179,0.636414,2923,8
UTTAR PRADESH,AMBEDKAR NAGAR,8002,3856,4096,50,2398709,0.333596,1600,5
TAMIL NADU,MADURAI,9938,8875,1024,39,3038252,0.327096,1656,6
UTTAR PRADESH,PILIBHIT,13635,8791,4631,213,2037940,0.669058,1704,8
MIZORAM,CHAMPHAI,1165,805,269,91,,,166,7
GUJARAT,VALSAD,7448,5818,1406,224,1705678,0.436659,1064,7
JHARKHAND,PAKUR,6924,3971,2908,45,899200,0.770018,989,7
BIHAR,VAISHALI,18007,8257,9698,52,3495021,0.515219,3601,5
MADHYA PRADESH,VIDISHA,10374,7998,2206,170,1458875,0.711096,1482,7
ASSAM,KARIMGANJ,14833,9336,4903,594,1217002,1.218815,1854,8
ASSAM,BISWANATH,1329,789,464,76,612491,0.216983,266,5
MADHYA PRADESH,BURHANPUR,9689,6542,2759,388,756993,1.279933,1211,8
UTTAR PRADESH,KAUSHAMBI,7463,4356,3038,69,1599596,0.466555,1244,6
MAHARASHTRA,PUNE,31763,24088,6536,1139,9426959,0.336938,3970,8
JAMMU AND KASHMIR,PUNCH,2629,2064,548,17,,,526,5
BIHAR,JEHANABAD,4883,915,3827,141,1125313,0.433924,814,6
UTTAR PRADESH,JALAUN,5557,2791,2641,125,1689974,0.328822,926,6
UTTAR PRADESH,ETAH,11264,6760,4345,159,1774480,0.634778,1609,7
UTTAR PRADESH,MEERUT,24027,14177,9598,252,3443689,0.697711,3003,8
RAJASTHAN,BARAN,6267,4532,1658,77,1223921,0.512043,1045,6
PUNJAB,SANGRUR,2329,2087,203,39,1655169,0.140711,466,5
RAJASTHAN,KARAULI,8636,5857,2670,109,1458248,0.592218,1439,6
GUJARAT,ANAND,6980,5616,828,536,2090276,0.333927,873,8
NAGALAND,LONGLENG,889,205,636,48,,,148,6
CHANDIGARH,CHANDIGARH,2720,2473,211,36,,,544,5
BIHAR,JAMUI,10382,5193,5029,160,1760405,0.589751,1483,7
SIKKIM,SOUTH SIKKIM,459,187,247,25,,,77,6
MADHYA PRADESH,PANNA,9339,6807,2404,128,1016520,0.918723,1334,7
MEGHALAYA,EAST GARO HILLS,6052,1012,3366,1674,,,757,8
RAJASTHAN,JHALAWAR,7036,4978,2002,56,1411327,0.498538,1407,5
DELHI,SHAHDARA,1700,1121,515,64,,,243,7
KARNATAKA,KALABURAGI,4782,4096,602,84,,,956,5
TAMIL NADU,THANJAVUR,7372,5881,1471,20,2405890,0.306415,1474,5
NAGALAND,PEREN,1454,511,843,100,,,182,8
NAGALAND,TUENSANG,1579,512,983,84,,,263,6
GUJARAT,MAHISAGAR,2563,2036,397,130,994624,0.257685,366,7
PUNJAB,HOSHIARPUR,4134,3515,401,218,1582793,0.261184,517,8
NAGALAND,NOKLAK,354,70,246,38,,,71,5
CHHATTISGARH,SUKMA,2179,1256,804,119,249000,0.875100,311,7
MADHYA PRADESH,KHANDWA,4521,3207,1232,82,1309443,0.345261,646,7
RAJASTHAN,AJMER,12135,9200,2787,148,2583052,0.469793,2023,6
SIKKIM,WEST SIKKIM,501,206,256,39,,,84,6
MAHARASHTRA,LATUR,7607,5828,1631,148,2454196,0.309959,1087,7
UTTAR PRADESH,BASTI,10119,4823,5216,80,2464464,0.410596,2024,5
MADHYA PRADESH,SATNA,13276,11198,1946,132,2228619,0.595705,2213,6
PUNJAB,GURDASPUR,5120,4436,558,126,2298323,0.222771,731,7
JHARKHAND,HAZARIBAGH,6204,4125,2048,31,1734005,0.357784,1241,5
UTTAR PRADESH,AZAMGARH,20573,6717,13577,279,4613913,0.445891,2939,7
RAJASTHAN,UDAIPUR,14906,8641,6073,192,3068420,0.485787,2484,6
WEST BENGAL,KOLKATA,10362,5028,4611,723,4496694,0.230436,1295,8
UTTAR PRADESH,RAMPUR,20110,12051,7757,302,2335398,0.861095,2514,8
GUJARAT,THE DANGS,1328,1068,186,74,,,221,6
JHARKHAND,EAST SINGHBHUM,8191,5983,2109,99,2293919,0.357075,1365,6
MADHYA PRADESH,ALIRAJPUR,7010,3251,3390,369,728999,0.961593,876,8
PUNJAB,SAS NAGAR (MOHALI),2953,2398,493,62,,,591,5
MEGHALAYA,SOUTH WEST GARO HILLS,4956,2417,1656,883,,,620,8
UTTAR PRADESH,MORADABAD,21545,15196,6131,218,4773138,0.451380,2693,8
RAJASTHAN,KOTA,7525,5545,1876,104,1950491,0.385800,1505,5
MADHYA PRADESH,DEWAS,10442,8393,1958,91,1563715,0.667769,1492,7
GUJARAT,NAVSARI,2757,2453,201,103,1330711,0.207182,394,7
NAGALAND,CHUMUKEDIMA,184,37,97,50,,,37,5
GUJARAT,AHMEDABAD,19130,12844,5679,607,7214225,0.265171,2733,7
ODISHA,NABARANGAPUR,6232,4175,1992,65,,,1246,5
RAJASTHAN,PALI,9114,6300,2696,118,2037573,0.447297,1823,5
UTTAR PRADESH,AMROHA,8142,5605,2476,61,1838772,0.442796,1357,6
MIZORAM,SAIHA,657,374,181,102,,,110,6
WEST BENGAL,DAKSHIN DINAJPUR,6526,5358,1069,99,1670931,0.390561,1305,5
UTTAR PRADESH,BIJNOR,16851,12935,3843,73,3682713,0.457570,3370,5
TAMIL NADU,PUDUKKOTTAI,7045,5339,1670,36,1618345,0.435321,1409,5
KARNATAKA,BANGALORE RURAL,2644,2251,267,126,990923,0.266822,529,5
WEST BENGAL,KALIMPONG,513,176,184,153,251642,0.203861,86,6
UTTAR PRADESH,DEORIA,10257,4700,5443,114,3098637,0.331017,1710,6
JAMMU AND KASHMIR,BARAMULA,3747,3155,528,64,,,749,5
BIHAR,GOPALGANJ,15148,5303,9649,196,2562012,0.591254,2164,7
UTTAR PRADESH,PRAYAGRAJ,2865,1428,1255,182,,,478,6
UTTAR PRADESH,LALITPUR,4753,3376,1305,72,1221592,0.389082,951,5
HARYANA,MEWAT,7558,6989,550,19,,,1512,5
UTTAR PRADESH,HAPUR,7262,4450,2771,41,1338211,0.542665,1210,6
JAMMU AND KASHMIR,JAMMU,4558,3697,825,36,,,912,5
MANIPUR,BISHNUPUR,1117,516,559,42,,,223,5
BIHAR,SAHARSA,13063,6281,6577,205,1900661,0.687287,1866,7
BIHAR,ARWAL,3866,812,3020,34,700843,0.551621,644,6
UTTAR PRADESH,HATHRAS,6493,3815,2596,82,1565678,0.414709,1082,6
MIZORAM,LAWNGTLAI,1642,1164,381,97,,,235,7
MAHARASHTRA,NASHIK,22368,16262,5802,304,6107187,0.366257,3728,6
MAHARASHTRA,YAVATMAL,7594,6054,1339,201,2772348,0.273919,1266,6
TAMIL NADU,CUDDALORE,8630,7493,1093,44,2605914,0.331170,1726,5
KERALA,KOLLAM,5069,3814,1042,213,2635375,0.192345,1014,5
PUNJAB,PATIALA,5150,4298,769,83,1895686,0.271669,858,6
BIHAR,KATIHAR,16350,11332,4903,115,3071029,0.532395,2725,6
KERALA,MALAPPURAM,14567,10205,4116,246,4112920,0.354177,2913,5
WEST BENGAL,BIRBHUM,15509,13361,2041,107,3502387,0.442812,2216,7
BIHAR,SIWAN,15311,6149,9025,137,3330464,0.459726,2187,7
MAHARASHTRA,DHULE,12605,7244,4842,519,2050862,0.614620,1801,7
CHHATTISGARH,BALODA BAZAR,4944,4349,562,33,1305924,0.378583,989,5
MAHARASHTRA,WASHIM,3386,3041,300,45,1197160,0.282836,564,6
TAMIL NADU,COIMBATORE,8986,7139,1804,43,3458045,0.259858,1797,5
MIZORAM,LUNGLEI,726,541,116,69,,,121,6
MANIPUR,IMPHAL WEST,1236,645,559,32,,,247,5
UTTAR PRADESH,KUSHINAGAR,10611,4449,6132,30,3560830,0.297992,2122,5
KERALA,THIRUVANANTHAPURAM,6663,4836,1394,433,3301427,0.201822,1111,6
MAHARASHTRA,SANGLI,7632,5697,1802,133,2822143,0.270433,1090,7
GUJARAT,AHMADABAD,6667,4105,2322,240,,,1111,6
BIHAR,LAKHISARAI,6155,2664,3423,68,1000912,0.614939,1026,6
KARNATAKA,BENGALURU RURAL,2790,1439,730,621,,,698,4
WEST BENGAL,24 PARAGANAS NORTH,6147,3177,2458,512,,,3074,2
ASSAM,DIMA HASAO,250,119,103,28,213529,0.117080,42,6
BIHAR,BANKA,11074,6198,4797,79,2034763,0.544240,1846,6
TAMIL NADU,SALEM,10249,8417,1608,224,3482056,0.294338,2050,5
THE DADRA AND NAGAR HAVELI AND DAMAN AND DIU,DADRA AND NAGAR HAVELI,716,548,141,27,,,358,2
GUJARAT,DANG,872,531,179,162,228291,0.381969,436,2
HARYANA,KAITHAL,2991,2894,85,12,1074304,0.278413,598,5
TAMIL NADU,VELLORE,9633,8271,1309,53,3936331,0.244720,1927,5
UTTAR PRADESH,SHRAVASTI,2535,867,1570,98,,,1268,2
BIHAR,NALANDA,14575,3676,10763,136,2877653,0.506489,2429,6
RAJASTHAN,JAISALMER,2854,1683,1120,51,669919,0.426022,571,5
TAMIL NADU,KALLAKURICHI,1064,877,149,38,,,213,5
UTTAR PRADESH,FARRUKHABAD,5870,2844,2944,82,1885204,0.311372,1174,5
WEST BENGAL,MEDINIPUR WEST,645,325,300,20,,,323,2
BIHAR,ARARIA,15579,9939,5515,125,2811569,0.554103,2597,6
HARYANA,SONIPAT,4619,4314,268,37,1450001,0.318552,924,5
JHARKHAND,CHATRA,6302,3448,2819,35,1042304,0.604622,1050,6
CHHATTISGARH,GAURELLA PENDRA MARWAHI,983,623,290,70,,,492,2
ANDHRA PRADESH,VISAKHAPATANAM,226,186,28,12,,,226,1
MAHARASHTRA,BULDHANA,7084,5849,1093,142,2586258,0.273909,1181,6
MAHARASHTRA,AMRAVATI,6915,5783,1025,107,2888445,0.239402,1153,6
UTTAR PRADESH,HARDOI,25193,12591,12290,312,4091380,0.615758,4199,6
TRIPURA,DHALAI,1420,777,607,36,,,284,5
KERALA,ERNAKULAM,6324,4185,1807,332,3282388,0.192665,1054,6
DELHI,NEW DELHI,1637,918,502,217,142004,1.152784,273,6
RAJASTHAN,BHILWARA,11083,7865,3035,183,2408523,0.460158,1847,6
TAMIL NADU,RAMANATHAPURAM,4005,3318,644,43,1353445,0.295912,801,5
NAGALAND,MON,2223,618,1434,171,,,371,6
KARNATAKA,RAICHUR,9779,7619,2056,104,1924773,0.508060,1956,5
DELHI,NORTH DELHI,4459,3148,1230,81,887978,0.502152,743,6
HARYANA,ROHTAK,3413,3161,191,61,1058683,0.322382,683,5
JHARKHAND,GUMLA,6701,4083,2524,94,1025656,0.653338,1117,6
RAJASTHAN,BARMER,15851,10522,5233,96,2603751,0.608776,3170,5
HARYANA,KURUKSHETRA,2404,2315,78,11,964231,0.249318,481,5
HARYANA,NUH,1506,1251,213,42,1089406,0.138240,1506,1
MADHYA PRADESH,ASHOKNAGAR,3011,1594,1323,94,844979,0.356340,1506,2
KERALA,THRISSUR,7071,4914,1672,485,3121200,0.226547,1414,5
PUNJAB,S.A.S NAGAR,705,493,164,48,,,353,2
DELHI,NORTH EAST DELHI,12113,8299,3749,65,2241624,0.540367,2019,6
WEST BENGAL,PURBA BARDHAMAN,3041,2523,390,128,4835532,0.062889,608,5
HARYANA,AMBALA,3218,3063,122,33,1128350,0.285195,644,5
HARYANA,PANIPAT,6088,5498,543,47,1202811,0.506148,1015,6
BIHAR,DARBHANGA,15765,10017,5677,71,3937385,0.400393,3153,5
UTTAR PRADESH,AYODHYA,1693,1027,634,32,,,282,6
JHARKHAND,KHUNTI,2644,1426,1173,45,531885,0.497100,441,6
TELANGANA,MEDCHAL MALKAJGIRI,704,409,265,30,,,352,2
ASSAM,SIVASAGAR,422,204,113,105,1150253,0.036688,211,2
HARYANA,HISAR,5234,4927,289,18,1742815,0.300319,1047,5
TAMIL NADU,SIVAGANGA,4446,3740,685,21,1339101,0.332014,889,5
UTTAR PRADESH,SIDDHARTH NAGAR,4341,1603,2586,152,,,2171,2
ARUNACHAL PRADESH,WEST KAMENG,278,157,103,18,,,56,5
HIMACHAL PRADESH,KULLU,1239,1022,111,106,,,248,5
CHHATTISGARH,BALRAMPUR,6190,4593,1528,69,730491,0.847375,1238,5
ODISHA,KHORDHA,1222,1014,195,13,2246341,0.054400,244,5
MEGHALAYA,KAMRUP,143,13,71,59,,,143,1
UTTAR PRADESH,BARABANKI,2375,1401,922,52,3260699,0.072837,475,5
TAMIL NADU,CHENGALPATTU,1253,862,319,72,,,251,5
MAHARASHTRA,AHMEDNAGAR,368,182,158,28,4543159,0.008100,368,1
RAJASTHAN,JALORE,494,298,183,13,1828730,0.027013,165,3
BIHAR,NAWADA,15413,2742,12380,291,2219146,0.694546,3083,5
WEST BENGAL,HOOGHLY,15358,11154,3862,342,5520389,0.278205,3072,5
WEST BENGAL,24 PARAGANAS SOUTH,490,364,104,22,,,490,1
TAMIL NADU,CHENNAI,10043,7686,2159,198,4646732,0.216130,2009,5
GUJARAT,SURENDRANAGAR,1442,771,593,78,1756268,0.082106,288,5
MAHARASHTRA,MUMBAI,14552,10594,3881,77,3085411,0.471639,2910,5
ODISHA,NABARANGPUR,442,327,103,12,1218762,0.036266,442,1
GUJARAT,SABAR KANTHA,2437,1083,1197,157,,,487,5
KARNATAKA,RAMANAGARA,204,168,24,12,1082739,0.018841,204,1
NAGALAND,WOKHA,558,118,410,30,,,112,5
JHARKHAND,WEST SINGHBHUM,6848,4211,2589,48,1502338,0.455823,1370,5
TRIPURA,SEPAHIJALA,1728,1121,577,30,,,346,5
BIHAR,SAMASTIPUR,19207,11289,7787,131,4261566,0.450703,3841,5
NAGALAND,ZUNHEBOTO,761,131,583,47,,,152,5
JHARKHAND,EAST SINGHBUM,1447,848,546,53,,,1447,1
UTTAR PRADESH,SAMBHAL,8677,4744,3816,117,2217020,0.391381,1735,5
RAJASTHAN,CHITTORGARH,5986,3698,2160,128,1544338,0.387609,1197,5
GUJARAT,PANCH MAHALS,1402,858,444,100,,,280,5
KARNATAKA,BIDAR,4920,3960,896,64,1700018,0.289409,984,5
RAJASTHAN,TONK,5915,4198,1656,61,1421326,0.416161,1183,5
ARUNACHAL PRADESH,LONGDING,897,141,719,37,,,179,5
UTTAR PRADESH,JHANSI,7160,4570,2519,71,2000755,0.357865,1432,5
WEST BENGAL,HOWRAH,11410,8139,3125,146,4850029,0.235256,2282,5
CHHATTISGARH,RAIGARH,4956,4294,625,37,1493627,0.331810,991,5
JHARKHAND,GIRIDIH,14303,7695,6526,82,2445474,0.584876,2861,5
MAHARASHTRA,AKOLA,4708,3966,693,49,1818617,0.258878,942,5
GOA,NORTH GOA,1354,1109,146,99,,,271,5
KARNATAKA,VIJAYAPURA,5596,4662,842,92,,,1119,5
BIHAR,BEGUSARAI,13209,8106,5045,58,2970541,0.444666,2642,5
TELANGANA,RANGA REDDY,284,181,93,10,,,284,1
TAMIL NADU,THIRUVALLUR,605,461,134,10,,,121,5
TELANGANA,BHADRADRI KOTHAGUDEM,3211,2490,682,39,,,642,5
RAJASTHAN,HANUMANGARH,4940,3628,1271,41,1779650,0.277583,988,5
KERALA,KANNUR,5965,4013,1722,230,2523003,0.236425,1193,5
PUNJAB,TARN TARAN,2939,2646,273,20,1120070,0.262394,588,5
ASSAM,MAJULI,515,347,157,11,167304,0.307823,103,5
MADHYA PRADESH,BALAGHAT,6805,6237,540,28,1701698,0.399895,1361,5
NAGALAND,KIPHIRE,908,163,693,52,,,182,5
WEST BENGAL,DINAJPUR DAKSHIN,997,707,256,34,,,997,1
MADHYA PRADESH,EAST NIMAR,3859,2338,1500,21,,,772,5
MAHARASHTRA,OSMANABAD,4026,3303,713,10,1660311,0.242485,805,5
JHARKHAND,DHANBAD,11031,6878,4061,92,2684487,0.410916,2206,5
UTTAR PRADESH,KASGANJ,6341,3206,2977,158,1438156,0.440912,1268,5
JAMMU AND KASHMIR,SHOPIAN,412,308,84,20,,,412,1
MADHYA PRADESH,SEHORE,6518,5155,1308,55,1311008,0.497175,1304,5
UTTAR PRADESH,KANNAUJ,6638,3083,3455,100,1658005,0.400361,1328,5
MADHYA PRADESH,NARSINGHPUR,5174,3860,1222,92,1092141,0.473748,1035,5
CHHATTISGARH,BILASPUR,8941,7490,1432,19,2663629,0.335670,1788,5
MIZORAM,KOLASIB,275,189,51,35,,,55,5
RAJASTHAN,SAWAI MADHOPUR,6744,4575,2083,86,1335551,0.504960,1349,5
TRIPURA,NORTH TRIPURA,1488,1046,416,26,,,298,5
UTTAR PRADESH,KUSHI NAGAR,1570,779,777,14,,,1570,1
ANDHRA PRADESH,PRAKASAM,7623,6405,1157,61,3392764,0.224684,1525,5
BIHAR,BHOJPUR,13357,3136,10115,106,2720155,0.491038,2671,5
MADHYA PRADESH,HOSHANGABAD,5982,5158,812,12,1241350,0.481895,1196,5
JAMMU AND KASHMIR,DODA,4502,3447,1023,32,,,900,5
NAGALAND,MOKOKCHUNG,490,132,315,43,,,98,5
TRIPURA,GOMATI,679,464,204,11,,,136,5
ANDHRA PRADESH,KRISHNA,6737,6163,540,34,4529009,0.148752,1684,4
ANDHRA PRADESH,KURNOOL,11770,10923,823,24,4046601,0.290861,2943,4
ANDHRA PRADESH,MAHABUB NAGAR,1511,1079,432,0,,,378,4
ANDHRA PRADESH,MAHBUBNAGAR,722,511,211,0,,,181,4
ANDHRA PRADESH,MEDAK,1406,1176,229,1,,,352,4
ANDHRA PRADESH,N. T. R,933,790,97,46,,,233,4
ANDHRA PRADESH,NALGONDA,1167,951,216,0,,,292,4
ANDHRA PRADESH,NANDYAL,905,860,39,6,,,226,4
ANDHRA PRADESH,NELLORE,5367,4611,754,2,2966082,0.180946,1342,4
ANDHRA PRADESH,PALNADU,860,759,76,25,,,215,4
ANDHRA PRADESH,RANGAREDDI,1884,1479,405,0,,,471,4
ANDHRA PRADESH,SRI POTTI SRIRAMULU NELLORE,1614,689,622,303,,,404,4
ANDHRA PRADESH,SRI SATHYA SAI,938,879,40,19,,,235,4
ANDHRA PRADESH,SRIKAKULAM,4300,4157,135,8,2699471,0.159290,1075,4
ANDHRA PRADESH,TIRUPATI,1719,802,689,228,,,430,4
ANDHRA PRADESH,VISAKHAPATNAM,8178,7688,460,30,4288113,0.190713,2045,4
ANDHRA PRADESH,VIZIANAGARAM,3856,3695,158,3,2342868,0.164585,964,4
ANDHRA PRADESH,WARANGAL,1059,858,201,0,,,265,4
ANDHRA PRADESH,WEST GODAVARI,5935,5568,343,24,3934782,0.150834,1484,4
ANDHRA PRADESH,Y. S. R,823,738,52,33,,,206,4
ARUNACHAL PRADESH,CHANGLANG,803,486,304,13,,,201,4
ARUNACHAL PRADESH,EAST KAMENG,181,88,79,14,,,45,4
ARUNACHAL PRADESH,TAWANG,154,104,43,7,,,39,4
ARUNACHAL PRADESH,WEST SIANG,192,110,80,2,,,48,4
ASSAM,BAJALI,29,19,8,2,,,7,4
ASSAM,SRIBHUMI,169,115,43,11,,,42,4
BIHAR,AURANGABAD,10170,3001,7096,73,2540073,0.400382,2543,4
BIHAR,BUXAR,7240,2528,4648,64,1706352,0.424297,1810,4
BIHAR,KHAGARIA,8196,4348,3779,69,1666886,0.491695,2049,4
BIHAR,KISHANGANJ,8764,6957,1782,25,1690948,0.518289,2191,4
BIHAR,MADHEPURA,9027,4571,4417,39,2001762,0.450953,2257,4
BIHAR,ROHTAS,7939,2741,5120,78,2962593,0.267975,1985,4
BIHAR,SHEOHAR,3262,2067,1184,11,656246,0.497070,816,4
BIHAR,SUPAUL,10411,5691,4563,157,2229076,0.467055,2603,4
CHHATTISGARH,BASTAR,6608,4794,1808,6,1411644,0.468107,1652,4
CHHATTISGARH,BEMETARA,2771,2458,302,11,795759,0.348221,693,4
CHHATTISGARH,GARIYABAND,1542,1307,229,6,,,386,4
CHHATTISGARH,JASHPUR,2543,1666,875,2,851669,0.298590,636,4
CHHATTISGARH,KAWARDHA,2142,1884,257,1,,,536,4
CHHATTISGARH,KONDAGAON,3038,1975,1054,9,578326,0.525309,760,4
CHHATTISGARH,KORBA,3542,3040,489,13,1206563,0.293561,886,4
CHHATTISGARH,MANENDRAGARH–CHIRMIRI–BHARATPUR,294,188,106,0,,,74,4
CHHATTISGARH,RAJNANDGAON,4185,3791,371,23,1537520,0.272192,1046,4
CHHATTISGARH,SAKTI,455,373,80,2,,,114,4
CHHATTISGARH,SARANGARH-BILAIGARH,186,159,24,3,,,47,4
CHHATTISGARH,SURAJPUR,2977,2250,720,7,660280,0.450869,744,4
CHHATTISGARH,SURGUJA,3556,2866,679,11,2361329,0.150593,889,4
DADRA AND NAGAR HAVELI AND DAMAN AND DIU,DADRA AND NAGAR HAVELI,832,739,81,12,,,208,4
GOA,SOUTH GOA,977,805,108,64,,,244,4
GUJARAT,NARMADA,1280,1155,96,29,590379,0.216810,320,4
HARYANA,BHIWANI,3489,3321,152,16,1634445,0.213467,872,4
HARYANA,CHARKHI DADRI,858,839,19,0,502276,0.170822,215,4
HARYANA,FATEHABAD,2612,2510,92,10,942011,0.277279,653,4
HARYANA,JHAJJAR,2624,2515,99,10,956907,0.274217,656,4
HARYANA,JIND,3821,3729,92,0,1332042,0.286853,955,4
HARYANA,KARNAL,4048,3861,179,8,1505324,0.268912,1012,4
HARYANA,MAHENDRAGARH,2754,2575,155,24,921680,0.298802,689,4
HARYANA,REWARI,2485,2329,150,6,900332,0.276009,621,4
HARYANA,SIRSA,3335,3135,198,2,1295114,0.257506,834,4
HARYANA,YAMUNA NAGAR,3396,3278,110,8,,,849,4
HIMACHAL PRADESH,BILASPUR,999,985,14,0,,,250,4
HIMACHAL PRADESH,HAMIRPUR,1198,1181,16,1,,,300,4
HIMACHAL PRADESH,KANGRA,3966,3869,75,22,,,992,4
HIMACHAL PRADESH,MANDI,2514,2460,43,11,,,629,4
HIMACHAL PRADESH,SIRMAUR,1584,1510,67,7,,,396,4
HIMACHAL PRADESH,SOLAN,1176,1105,65,6,,,294,4
HIMACHAL PRADESH,UNA,1247,1226,21,0,,,312,4
JAMMU AND KASHMIR,ANANTNAG,3350,2975,340,35,,,838,4
JAMMU AND KASHMIR,BADGAM,1865,1674,190,1,,,466,4
JAMMU AND KASHMIR,BANDIPORE,1639,1288,308,43,,,410,4
JAMMU AND KASHMIR,BUDGAM,859,793,51,15,,,215,4
JAMMU AND KASHMIR,KARGIL,526,386,139,1,,,132,4
JAMMU AND KASHMIR,KATHUA,2954,2635,310,9,,,739,4
JAMMU AND KASHMIR,KUPWARA,2875,2392,443,40,,,719,4
JAMMU AND KASHMIR,LEH,206,163,42,1,,,52,4
JAMMU AND KASHMIR,PULWAMA,1871,1738,118,15,,,468,4
JAMMU AND KASHMIR,RAJOURI,2674,2071,594,9,,,669,4
JAMMU AND KASHMIR,RAMBAN,1920,1317,597,6,,,480,4
JAMMU AND KASHMIR,REASI,1715,1136,570,9,,,429,4
JAMMU AND KASHMIR,SAMBA,588,532,47,9,,,147,4
JAMMU AND KASHMIR,SRINAGAR,3256,2851,270,135,,,814,4
JAMMU AND KASHMIR,UDHAMPUR,2806,2446,349,11,,,702,4
JHARKHAND,BOKARO,5800,3505,2278,17,2062330,0.281235,1450,4
JHARKHAND,GARHWA,6073,4523,1535,15,1322784,0.459107,1518,4
JHARKHAND,GARHWA *,381,314,67,0,,,95,4
JHARKHAND,HAZARIBAG,566,358,208,0,,,142,4
JHARKHAND,JAMTARA,4450,3160,1274,16,791042,0.562549,1113,4
JHARKHAND,LATEHAR,2609,1675,923,11,725673,0.359528,652,4
JHARKHAND,PALAMAU,286,220,66,0,,,72,4
JHARKHAND,PALAMU,8606,6548,1994,64,1936319,0.444452,2152,4
JHARKHAND,PURBI SINGHBHUM,986,814,172,0,,,247,4
JHARKHAND,RAMGARH,2979,1902,1066,11,949159,0.313857,745,4
JHARKHAND,SAHEBGANJ,6321,3636,2670,15,1150567,0.549381,1580,4
JHARKHAND,SERAIKELA-KHARSAWAN,4250,2943,1277,30,,,1063,4
JHARKHAND,SIMDEGA,2079,1472,594,13,599813,0.346608,520,4
KARNATAKA,BAGALKOT,7142,6158,900,84,1890826,0.377719,1786,4
KARNATAKA,BAGALKOT *,249,218,31,0,,,62,4
KARNATAKA,BALLARI,2781,2450,267,64,,,695,4
KARNATAKA,BANGALORE,7016,5776,1236,4,,,1754,4
KARNATAKA,BELAGAVI,7805,7063,622,120,,,1951,4
KARNATAKA,BELGAUM,6743,5861,880,2,4778439,0.141113,1686,4
KARNATAKA,BELLARY,4220,3623,596,1,2532383,0.166641,1055,4
KARNATAKA,BIJAPUR,4231,3296,930,5,2175102,0.194520,1058,4
KARNATAKA,CHAMARAJANAGAR,249,232,17,0,1020962,0.024389,62,4
KARNATAKA,CHAMRAJANAGAR,2227,1988,216,23,,,557,4
KARNATAKA,CHAMRAJNAGAR,380,356,24,0,,,95,4
KARNATAKA,CHICKMAGALUR,1231,1129,102,0,,,308,4
KARNATAKA,CHIKKABALLAPUR,3152,2842,296,14,1254377,0.251280,788,4
KARNATAKA,CHIKKAMAGALURU,1151,1018,95,38,,,288,4
KARNATAKA,CHIKMAGALUR,154,145,9,0,1137961,0.013533,39,4
KARNATAKA,CHITRADURGA,4413,4042,326,45,1660378,0.265783,1103,4
KARNATAKA,DAKSHINA KANNADA,6505,5896,530,79,2089649,0.311296,1626,4
KARNATAKA,DAVANAGERE,483,437,46,0,1945497,0.024827,121,4
KARNATAKA,DAVANGERE,4813,4416,352,45,,,1203,4
KARNATAKA,DHARWAD,5103,4733,351,19,1846993,0.276287,1276,4
KARNATAKA,GADAG,4457,4088,349,20,1064570,0.418667,1114,4
KARNATAKA,GADAG *,145,135,10,0,,,36,4
KARNATAKA,GULBARGA,4356,3650,703,3,2564892,0.169832,1089,4
KARNATAKA,HASSAN,2494,2333,142,19,1776221,0.140410,624,4
KARNATAKA,HAVERI,4242,3917,266,59,1598506,0.265373,1061,4
KARNATAKA,KODAGU,1211,1095,75,41,554762,0.218292,303,4
KARNATAKA,KOLAR,4186,3841,314,31,1536401,0.272455,1047,4
KARNATAKA,KOPPAL,5451,4752,650,49,1391292,0.391794,1363,4
KARNATAKA,MANDYA,3594,3401,150,43,1808680,0.198708,899,4
KARNATAKA,MYSORE,3073,2857,214,2,2994744,0.102613,768,4
KARNATAKA,RAMANAGAR,2949,2559,379,11,,,737,4
KARNATAKA,SHIMOGA,2260,2111,149,0,1755512,0.128737,565,4
KARNATAKA,SHIVAMOGGA,2229,2004,182,43,,,557,4
KARNATAKA,TUMAKURU,3000,2792,161,47,,,750,4
KARNATAKA,TUMKUR,2942,2754,188,0,2681449,0.109717,736,4
KARNATAKA,UDUPI,3591,3338,210,43,1177361,0.305004,898,4
KARNATAKA,UTTARA KANNADA,3470,3219,221,30,1436847,0.241501,868,4
KARNATAKA,VIJAYANAGARA,2119,1822,241,56,,,530,4
KERALA,ALAPPUZHA,3559,2536,892,131,2127789,0.167263,890,4
KERALA,IDUKKI,1698,1399,271,28,1108974,0.153115,425,4
KERALA,KASARAGOD,3555,2695,798,62,1307375,0.271919,889,4
KERALA,KASARGOD,315,251,64,0,,,79,4
KERALA,KOTTAYAM,3321,2465,804,52,1974551,0.168190,830,4
KERALA,KOZHIKODE,6704,4587,1914,203,3086293,0.217219,1676,4
KERALA,PALAKKAD,6724,5174,1381,169,2809934,0.239294,1681,4
KERALA,PATHANAMTHITTA,1951,1398,480,73,1195537,0.163190,488,4
KERALA,WAYANAD,1516,1265,233,18,817420,0.185462,379,4
LADAKH,KARGIL,492,365,120,7,,,123,4
MADHYA PRADESH,AGAR MALWA,2537,2087,421,29,422841,0.599989,634,4
MADHYA PRADESH,ANUPPUR,3226,2864,349,13,749237,0.430571,807,4
MADHYA PRADESH,CHHINDWARA,8981,8308,625,48,2090922,0.429523,2245,4
MADHYA PRADESH,DAMOH,6066,5081,938,47,1264219,0.479822,1517,4
MADHYA PRADESH,DINDORI,2659,2409,249,1,704218,0.377582,665,4
MADHYA PRADESH,HARDA,2134,1733,383,18,570465,0.374081,534,4
MADHYA PRADESH,MAIHAR,418,378,20,20,,,105,4
MADHYA PRADESH,MANDLA,4911,4645,261,5,1054905,0.465540,1228,4
MADHYA PRADESH,MANDSAUR,8276,7444,808,24,1340411,0.617423,2069,4
MADHYA PRADESH,NARMADAPURAM,737,608,100,29,,,184,4
MADHYA PRADESH,NARSIMHAPUR,1189,966,223,0,,,297,4
MADHYA PRADESH,NEEMUCH,4964,4183,764,17,826067,0.600920,1241,4
MADHYA PRADESH,NIWARI,142,117,16,9,,,36,4
MADHYA PRADESH,RAJGARH,8171,6542,1594,35,1546541,0.528340,2043,4
MADHYA PRADESH,RATLAM,7982,6427,1478,77,1455069,0.548565,1996,4
MADHYA PRADESH,REWA,10838,9346,1463,29,2365106,0.458246,2710,4
MADHYA PRADESH,SEONI,6081,5558,513,10,1378876,0.441011,1520,4
MADHYA PRADESH,SHAHDOL,5297,4410,828,59,1066063,0.496875,1324,4
MADHYA PRADESH,SHAJAPUR,7025,5937,1070,18,1512681,0.464407,1756,4
MADHYA PRADESH,SIDHI,6292,5606,671,15,1126515,0.558537,1573,4
MADHYA PRADESH,SINGRAULI,6550,5669,859,22,1178273,0.555898,1638,4
MADHYA PRADESH,TIKAMGARH,7242,5674,1539,29,1445166,0.501119,1811,4
MADHYA PRADESH,UJJAIN,14308,12450,1763,95,1986864,0.720130,3577,4
MADHYA PRADESH,WEST NIMAR,760,618,136,6,,,190,4
MAHARASHTRA,AHMED NAGAR,340,277,63,0,,,85,4
MAHARASHTRA,BHANDARA,1903,1842,55,6,1200334,0.158539,476,4
MAHARASHTRA,BULDANA,1075,963,112,0,,,269,4
MAHARASHTRA,CHHATRAPATI SAMBHAJINAGAR,1010,411,365,234,,,253,4
MAHARASHTRA,GADCHIROLI,2374,2084,268,22,1072942,0.221261,594,4
MAHARASHTRA,GONDIYA,2890,2780,104,6,,,723,4
MAHARASHTRA,JALNA,5590,4627,944,19,1959046,0.285343,1398,4
MAHARASHTRA,KOLHAPUR,7480,6423,985,72,3876001,0.192982,1870,4
MAHARASHTRA,MUMBAI CITY,2929,2314,449,166,,,732,4
MAHARASHTRA,RAIGARH,5230,4414,815,1,,,1308,4
MAHARASHTRA,RATNAGIRI,2603,2352,219,32,1615069,0.161170,651,4
MAHARASHTRA,SINDHUDURG,1202,1121,59,22,849651,0.141470,301,4
MAHARASHTRA,WARDHA,1953,1859,89,5,1300774,0.150141,488,4
MANIPUR,SENAPATI,1501,764,721,16,,,375,4
MANIPUR,TAMENGLONG,960,297,634,29,,,240,4
MIZORAM,AIZAWL,1059,762,236,61,,,265,4
ODISHA,ANGUL,3010,2583,413,14,1271703,0.236690,753,4
ANDAMAN AND NICOBAR ISLANDS,NICOBAR,75,64,11,0,,,19,4
ANDAMAN AND NICOBAR ISLANDS,SOUTH ANDAMAN,190,178,12,0,,,48,4
ANDHRA PRADESH,ADILABAD,1419,1137,281,1,,,355,4
ANDHRA PRADESH,ALLURI SITHARAMA RAJU,1255,1105,116,34,,,314,4
ANDHRA PRADESH,ANAKAPALLI,543,523,12,8,,,136,4
ANDHRA PRADESH,ANANTAPUR,4415,4089,326,0,4083315,0.108123,1104,4
ANDHRA PRADESH,ANANTHAPUR,1994,1843,151,0,,,499,4
ANDHRA PRADESH,ANANTHAPURAMU,3187,3018,159,10,,,797,4
ANDHRA PRADESH,BAPATLA,492,421,55,16,,,123,4
ANDHRA PRADESH,CHITTOOR,8199,7497,659,43,4170468,0.196597,2050,4
ANDHRA PRADESH,CUDDAPAH,5934,5519,413,2,,,1484,4
ANDHRA PRADESH,DR. B. R. AMBEDKAR KONASEEMA,665,618,30,17,,,166,4
ANDHRA PRADESH,EAST GODAVARI,7678,7161,507,10,5151549,0.149043,1920,4
ANDHRA PRADESH,ELURU,629,568,45,16,,,157,4
ANDHRA PRADESH,GUNTUR,9729,8769,925,35,4889230,0.198988,2432,4
ANDHRA PRADESH,HYDERABAD,4840,3831,1008,1,,,1210,4
ANDHRA PRADESH,KAKINADA,969,858,84,27,,,242,4
ANDHRA PRADESH,KARIMNAGAR,659,552,107,0,,,165,4
ANDHRA PRADESH,KHAMMAM,1133,869,264,0,,,283,4
ODISHA,ANUGUL,207,171,36,0,,,52,4
ODISHA,BALANGIR,5670,4582,1032,56,1648997,0.343845,1418,4
ODISHA,BALESWAR,6018,4866,1148,4,,,1505,4
ODISHA,BARGARH,5239,4411,825,3,1481255,0.353687,1310,4
ODISHA,BAUDH,175,142,33,0,,,44,4
ODISHA,BHADRAK,4891,3701,1176,14,1506522,0.324655,1223,4
ODISHA,BOUDH,1424,1177,245,2,439917,0.323697,356,4
ODISHA,CUTTACK,5402,4305,1082,15,2618708,0.206285,1351,4
ODISHA,DEBAGARH,883,783,95,5,,,221,4
ODISHA,DHENKANAL,3017,2466,543,8,1192948,0.252903,754,4
ODISHA,GAJAPATI,2002,1666,318,18,575880,0.347642,501,4
ODISHA,GANJAM,8116,7063,1044,9,3529031,0.229978,2029,4
ODISHA,JAJPUR,2507,1991,467,49,1826275,0.137274,627,4
ODISHA,JAGATSINGHAPUR,3184,2852,308,24,,,796,4
ODISHA,JAGATSINGHPUR,694,626,68,0,1136604,0.061059,174,4
ODISHA,JAJAPUR,2608,2107,499,2,,,652,4
ODISHA,KALAHANDI,4496,3361,1071,64,1573054,0.285813,1124,4
ODISHA,KANDHAMAL,3081,2633,440,8,731952,0.420929,770,4
ODISHA,KENDRAPARA,4015,3210,757,48,1439891,0.278841,1004,4
ODISHA,KENDUJHAR,5426,4369,1042,15,1802777,0.300980,1357,4
ODISHA,KHORDA,4317,3497,655,165,,,1079,4
ODISHA,KORAPUT,4502,3266,1190,46,1376934,0.326958,1126,4
ODISHA,MALKANGIRI,2870,2373,493,4,612727,0.468398,718,4
ODISHA,MAYURBHANJ,8154,6258,1861,35,2513895,0.324357,2039,4
ODISHA,NAYAGARH,2466,2172,283,11,962215,0.256284,617,4
ODISHA,NUAPADA,2122,1703,417,2,606490,0.349882,531,4
ODISHA,PURI,3731,3153,574,4,1697983,0.219731,933,4
ODISHA,RAYAGADA,3226,2516,707,3,961959,0.335357,807,4
ODISHA,SAMBALPUR,2577,2255,321,1,1044410,0.246742,644,4
ODISHA,SONAPUR,1510,1288,221,1,,,378,4
ODISHA,SUBARNAPUR,405,345,60,0,652107,0.062106,101,4
ODISHA,SUNDARGARH,730,607,123,0,2080664,0.035085,183,4
ODISHA,SUNDERGARH,4001,3341,641,19,,,1000,4
ODISHA,BALESHWAR,1229,978,251,0,,,307,4
PUDUCHERRY,PONDICHERRY,1087,1018,69,0,,,272,4
PUDUCHERRY,KARAIKAL,567,517,38,12,,,142,4
PUDUCHERRY,PUDUCHERRY,1330,1213,85,32,,,333,4
PUDUCHERRY,YANAM,33,30,3,0,,,8,4
PUNJAB,BARNALA,1013,926,79,8,596294,0.169883,253,4
PUNJAB,BATHINDA,2704,2388,298,18,1388859,0.194692,676,4
PUNJAB,FARIDKOT,902,793,99,10,618008,0.145953,226,4
PUNJAB,FATEHGARH SAHIB,1048,891,144,13,599814,0.174721,262,4
PUNJAB,FEROZEPUR,1381,1262,114,5,2026831,0.068136,345,4
PUNJAB,FIROZPUR,395,347,48,0,,,99,4
PUNJAB,JALANDHAR,4118,3314,732,72,2181753,0.188747,1030,4
PUNJAB,MALERKOTLA,865,711,146,8,,,216,4
PUNJAB,MANSA,1124,998,107,19,768808,0.146200,281,4
PUNJAB,MUKTSAR,334,306,28,0,902702,0.037000,84,4
PUNJAB,PATHANKOT,1115,1033,67,15,675711,0.165011,279,4
PUNJAB,RUPNAGAR,1246,1140,93,13,684627,0.181997,312,4
PUNJAB,SHAHEED BHAGAT SINGH NAGAR,946,801,101,44,,,237,4
PUNJAB,SRI MUKTSAR SAHIB,1315,1157,150,8,,,329,4
RAJASTHAN,BANSWARA,7263,4203,3030,30,1797485,0.404065,1816,4
RAJASTHAN,CHITTAURGARH,357,286,70,1,,,89,4
RAJASTHAN,DAUSA,6133,4277,1807,49,1634409,0.375243,1533,4
RAJASTHAN,GANGANAGAR,5504,4186,1276,42,1969520,0.279459,1376,4
RAJASTHAN,JHUNJHUNUN,7611,5749,1776,86,,,1903,4
RAJASTHAN,PRATAPGARH,3794,2643,1133,18,867848,0.437173,949,4
RAJASTHAN,RAJSAMAND,4512,3078,1405,29,1156597,0.390110,1128,4
SIKKIM,EAST,370,215,153,2,,,93,4
SIKKIM,NORTH SIKKIM,62,45,17,0,,,16,4
SIKKIM,SOUTH,197,88,108,1,,,49,4
TAMIL NADU,ARIYALUR,2412,1927,405,80,,,603,4
TAMIL NADU,DHARMAPURI,5739,4840,851,48,1506843,0.380863,1435,4
TAMIL NADU,DINDIGUL,6083,4678,1393,12,2159775,0.281650,1521,4
TAMIL NADU,ERODE,6017,4964,1045,8,2251744,0.267215,1504,4
TAMIL NADU,KANNIYAKUMARI,2275,2139,135,1,,,569,4
TAMIL NADU,KANYAKUMARI,2005,1896,92,17,1870374,0.107198,501,4
TAMIL NADU,KARUR,4019,3362,654,3,1064493,0.377551,1005,4
TAMIL NADU,KRISHNAGIRI,5075,4157,910,8,1879809,0.269974,1269,4
TAMIL NADU,MAYILADUTHURAI,502,437,64,1,,,126,4
TAMIL NADU,NAGAPATTINAM,4047,3315,732,0,1616450,0.250363,1012,4
TAMIL NADU,NAMAKKAL,4872,4257,606,9,1726601,0.282173,1218,4
TAMIL NADU,PERAMBALUR,2130,1898,232,0,565223,0.376842,533,4
TAMIL NADU,RANIPET,111,97,13,1,,,28,4
TAMIL NADU,TENKASI,1268,1150,118,0,,,317,4
TAMIL NADU,THE NILGIRIS,1714,1279,430,5,,,429,4
TAMIL NADU,THENI,3473,2908,563,2,1245899,0.278755,868,4
TAMIL NADU,THIRUVARUR,4165,3346,816,3,,,1041,4
TAMIL NADU,THOOTHUKKUDI,5319,4439,877,3,,,1330,4
TAMIL NADU,TIRUCHIRAPPALLI,9932,8396,1531,5,2722290,0.364840,2483,4
TAMIL NADU,TIRUNELVELI,9675,8303,1370,2,3072880,0.314851,2419,4
TAMIL NADU,TIRUPATTUR,1048,944,102,2,,,262,4
TAMIL NADU,TIRUPPUR,6192,5078,1109,5,,,1548,4
TAMIL NADU,TIRUVALLUR,11435,8712,2665,58,3728104,0.306724,2859,4
TAMIL NADU,TIRUVANNAMALAI,7266,6556,677,33,2464875,0.294782,1817,4
TAMIL NADU,VILLUPURAM,6772,5854,915,3,3458873,0.195786,1693,4
TAMIL NADU,VILUPPURAM,5122,4341,781,0,,,1281,4
TAMIL NADU,VIRUDHUNAGAR,5407,4769,627,11,1942288,0.278383,1352,4
TELANGANA,ADILABAD,2987,2517,467,3,2737738,0.109105,747,4
TELANGANA,HANUMAKONDA,1030,916,109,5,,,258,4
TELANGANA,JAGITIAL,1595,1488,98,9,,,399,4
TELANGANA,JANGOAN,1022,892,130,0,,,256,4
TELANGANA,JAYASHANKAR BHUPALPALLY,847,670,173,4,,,212,4
TELANGANA,JOGULAMBA GADWAL,1844,1543,299,2,,,461,4
TELANGANA,KAMAREDDY,2008,1862,144,2,,,502,4
TELANGANA,KARIMNAGAR,5808,5115,686,7,3776269,0.153803,1452,4
TELANGANA,KHAMMAM,3888,2800,1079,9,2798214,0.138946,972,4
TELANGANA,KOMARAM BHEEM,1106,917,189,0,,,277,4
TELANGANA,MAHABUBABAD,1503,1249,253,1,,,376,4
TELANGANA,MAHABUBNAGAR,10168,7689,2463,16,,,2542,4
TELANGANA,MANCHERIAL,1094,924,169,1,,,274,4
TELANGANA,MEDAK,7544,6158,1379,7,3033288,0.248707,1886,4
TELANGANA,MEDCHAL−MALKAJGIRI,535,445,88,2,,,134,4
TELANGANA,MULUGU,937,700,233,4,,,234,4
TELANGANA,NAGARKURNOOL,1361,1077,282,2,,,340,4
TELANGANA,NALGONDA,6661,5405,1246,10,3483648,0.191208,1665,4
TELANGANA,NARAYANPET,1310,1082,224,4,,,328,4
TELANGANA,NIRMAL,1401,1292,106,3,,,350,4
TELANGANA,NIZAMABAD,6577,5985,583,9,2551335,0.257787,1644,4
TELANGANA,PEDDAPALLI,588,513,72,3,,,147,4
TELANGANA,RAJANNA SIRCILLA,888,834,51,3,,,222,4
TELANGANA,SANGAREDDY,2703,2224,468,11,,,676,4
TELANGANA,SIDDIPET,1876,1701,174,1,,,469,4
TELANGANA,SURYAPET,2042,1743,297,2,,,511,4
TELANGANA,VIKARABAD,2593,2085,506,2,,,648,4
TELANGANA,WANAPARTHY,1667,1266,401,0,,,417,4
TELANGANA,WARANGAL,2952,2462,490,0,3522644,0.083801,738,4
TELANGANA,WARANGAL RURAL,732,660,70,2,,,183,4
TELANGANA,WARANGAL URBAN,663,585,72,6,,,166,4
TELANGANA,YADADRI.,1586,1380,205,1,,,397,4
TRIPURA,KHOWAI,339,196,99,44,,,85,4
TRIPURA,SOUTH TRIPURA,2158,1348,804,6,,,540,4
UTTAR PRADESH,ALLAHABAD,13249,7254,5946,49,5954391,0.222508,3312,4
UTTAR PRADESH,AMETHI,7197,3890,3251,56,2549673,0.282271,1799,4
UTTAR PRADESH,AURAIYA,3733,2169,1547,17,1379545,0.270596,933,4
UTTAR PRADESH,BALLIA,9976,4079,5860,37,3239774,0.307923,2494,4
UTTAR PRADESH,BHADOHI,546,265,277,4,1554203,0.035131,137,4
UTTAR PRADESH,CHITRAKOOT,5401,2951,2436,14,991730,0.544604,1350,4
UTTAR PRADESH,FAIZABAD,6926,4052,2871,3,2470996,0.280292,1732,4
UTTAR PRADESH,GHAZIPUR,11288,4323,6894,71,3620268,0.311800,2822,4
UTTAR PRADESH,MAHOBA,3020,1979,1029,12,875958,0.344765,755,4
UTTAR PRADESH,MAU,7579,2590,4942,47,2205170,0.343692,1895,4
UTTAR PRADESH,MIRZAPUR,7645,3536,4101,8,2494533,0.306470,1911,4
UTTAR PRADESH,PRATAPGARH,10308,5866,4386,56,3173752,0.324789,2577,4
UTTAR PRADESH,RAE BARELI,9729,5812,3875,42,,,2432,4
UTTAR PRADESH,SANT KABIR NAGAR,6169,2789,3343,37,1714300,0.359855,1542,4
UTTAR PRADESH,SANT RAVIDAS NAGAR,4420,1869,2547,4,,,1105,4
UTTAR PRADESH,SONBHADRA,5034,2998,2023,13,1862559,0.270273,1259,4
UTTARAKHAND,ALMORA,1367,1228,131,8,,,342,4
UTTARAKHAND,BAGESHWAR,742,675,65,2,,,186,4
UTTARAKHAND,CHAMOLI,1090,1006,77,7,,,273,4
UTTARAKHAND,GARHWAL,56,52,4,0,,,14,4
UTTARAKHAND,PAURI GARHWAL,1856,1677,165,14,,,464,4
UTTARAKHAND,PITHORAGARH,1220,1065,146,9,,,305,4
UTTARAKHAND,RUDRAPRAYAG,956,874,82,0,,,239,4
UTTARAKHAND,TEHRI GARHWAL,2781,2444,324,13,,,695,4
UTTARAKHAND,UDHAM SINGH NAGAR,6095,5092,985,18,,,1524,4
UTTARAKHAND,UTTARKASHI,1132,978,149,5,,,283,4
WEST BENGAL,BANKURA,11355,9083,2122,150,3596292,0.315742,2839,4
WEST BENGAL,BARDDHAMAN,15836,12816,3006,14,,,3959,4
WEST BENGAL,BARDHAMAN,1776,1345,428,3,,,444,4
WEST BENGAL,DARJILING,726,535,189,2,,,182,4
WEST BENGAL,EAST MIDNAPORE,2118,1796,318,4,,,530,4
WEST BENGAL,HAORA,2862,1943,917,2,,,716,4
WEST BENGAL,KOCH BIHAR,3348,2227,1111,10,,,837,4
WEST BENGAL,MALDAH,1756,1190,566,0,,,439,4
WEST BENGAL,MURSHIDABAD,35911,31442,4383,86,7103807,0.505518,8978,4
WEST BENGAL,NORTH TWENTY FOUR PARGANAS,1627,1226,399,2,,,407,4
WEST BENGAL,PASCHIM BARDHAMAN,1276,865,318,93,2882031,0.044274,319,4
WEST BENGAL,PASCHIM MEDINIPUR,18085,14240,3695,150,5943300,0.304292,4521,4
WEST BENGAL,PURBA MEDINIPUR,14322,12954,1310,58,5094238,0.281141,3581,4
WEST BENGAL,PURULIA,783,539,243,1,2930115,0.026723,196,4
WEST BENGAL,PURULIYA,13219,9674,3412,133,,,3305,4
WEST BENGAL,SOUTH 24 PARGANAS,33542,25041,8197,304,8153176,0.411398,8386,4
WEST BENGAL,SOUTH DINAJPUR,446,375,71,0,,,112,4
WEST BENGAL,SOUTH TWENTY FOUR PARGANAS,4107,2978,1125,4,,,1027,4
WEST BENGAL,WEST MIDNAPORE,2190,1647,540,3,,,548,4
DELHI,NORTH EAST,1738,1328,408,2,,,435,4
ANDHRA PRADESH,NIZAMABAD,524,453,71,0,,,131,4
ANDHRA PRADESH,PARVATHIPURAM MANYAM,508,464,36,8,,,127,4
ARUNACHAL PRADESH,KURUNG KUMEY,75,19,44,12,,,19,4
ARUNACHAL PRADESH,LOHIT,166,102,63,1,,,42,4
ARUNACHAL PRADESH,LOWER DIBANG VALLEY,109,58,49,2,,,27,4
ARUNACHAL PRADESH,PAPUM PARE,447,201,241,5,,,112,4
ARUNACHAL PRADESH,UPPER SIANG,43,21,21,1,,,11,4
BIHAR,AURANGABAD(BH),113,49,64,0,,,28,4
BIHAR,PURBA CHAMPARAN,127,61,66,0,,,32,4
BIHAR,PURNEA,257,169,88,0,,,64,4
BIHAR,SHEIKHPURA,3199,1244,1934,21,634927,0.503837,800,4
CHHATTISGARH,BALOD,1678,1603,71,4,826165,0.203107,420,4
CHHATTISGARH,DHAMTARI,1968,1876,89,3,799199,0.246247,492,4
CHHATTISGARH,GAURELA-PENDRA-MARWAHI,140,115,20,5,,,35,4
CHHATTISGARH,JANJGIR-CHAMPA,4639,4066,572,1,1619707,0.286410,1160,4
CHHATTISGARH,KABEERDHAM,955,860,92,3,,,239,4
CHHATTISGARH,KANKER,1705,1426,277,2,748593,0.227761,426,4
CHHATTISGARH,KHAIRAGARH CHHUIKHADAN GANDAI,246,183,63,0,,,62,4
CHHATTISGARH,KORIYA,1763,1258,504,1,659039,0.267511,441,4
CHHATTISGARH,MAHASAMUND,3361,2773,563,25,1032275,0.325592,840,4
CHHATTISGARH,MOHLA-MANPUR-AMBAGARH CHOUKI,259,162,93,4,,,65,4
CHHATTISGARH,MUNGELI,2957,2600,355,2,701707,0.421401,739,4
CHHATTISGARH,NARAYANPUR,762,448,306,8,139820,0.544986,191,4
HARYANA,PALWAL,4703,4367,332,4,1042708,0.451037,1176,4
HIMACHAL PRADESH,CHAMBA,1657,1586,64,7,,,414,4
HIMACHAL PRADESH,SHIMLA,1670,1488,161,21,,,418,4
JAMMU AND KASHMIR,GANDERBAL,843,773,59,11,,,211,4
JHARKHAND,KODARMA,310,184,126,0,,,78,4
JHARKHAND,PAKAUR,297,197,100,0,,,74,4
JHARKHAND,SAHIBGANJ,365,187,178,0,,,91,4
KARNATAKA,HASAN,993,944,49,0,,,248,4
LAKSHADWEEP,LAKSHADWEEP,203,192,10,1,,,51,4
MADHYA PRADESH,HARDA *,610,503,107,0,,,153,4
MADHYA PRADESH,MAUGANJ,438,379,58,1,,,110,4
MADHYA PRADESH,UMARIA,5300,4360,906,34,644758,0.822014,1325,4
MAHARASHTRA,CHATRAPATI SAMBHAJI NAGAR,211,114,81,16,,,53,4
MAHARASHTRA,MUMBAI( SUB URBAN ),419,340,79,0,,,105,4
MAHARASHTRA,NANDURBAR *,140,106,33,1,,,35,4
MANIPUR,IMPHAL EAST,1132,559,564,9,,,283,4
MANIPUR,THOUBAL,1067,423,638,6,,,267,4
MANIPUR,UKHRUL,781,343,424,14,,,195,4
MEGHALAYA,EASTERN WEST KHASI HILLS,818,3,226,589,,,205,4
MIZORAM,MAMIT,171,141,27,3,,,43,4
MIZORAM,SERCHHIP,102,80,16,6,,,26,4
ANDAMAN & NICOBAR ISLANDS,ANDAMANS,75,70,5,0,,,19,4
ANDAMAN & NICOBAR ISLANDS,SOUTH ANDAMAN,38,38,0,0,,,10,4
ANDAMAN AND NICOBAR ISLANDS,NORTH AND MIDDLE ANDAMAN,132,128,4,0,,,33,4
ANDHRA PRADESH,ANNAMAYYA,1021,868,48,105,,,255,4
ANDHRA PRADESH,K.V.RANGAREDDY,69,55,14,0,,,17,4
ANDHRA PRADESH,K.V. RANGAREDDY,19,15,4,0,,,5,4
ANDHRA PRADESH,KARIM NAGAR,82,71,11,0,,,21,4
TELANGANA,RANGAREDDY,300,237,61,2,5296741,0.005664,75,4
UTTAR PRADESH,BULANDSHAHAR,185,115,70,0,,,46,4
UTTAR PRADESH,HAMIRPUR,3465,2040,1398,27,1104285,0.313778,866,4
WEST BENGAL,HUGLI,194,148,46,0,,,49,4
WEST BENGAL,NORTH DINAJPUR,342,263,79,0,,,86,4
ODISHA,JHARSUGUDA,1182,1096,86,0,579505,0.203967,296,4
PUNJAB,FAZILKA,1911,1630,271,10,1180483,0.161883,478,4
PUNJAB,MOGA,1535,1335,159,41,996089,0.154103,384,4
SIKKIM,NORTH,44,34,10,0,,,11,4
MANIPUR,CHANDEL,759,244,510,5,,,190,4
MANIPUR,KAKCHING,109,39,69,1,,,27,4
PUNJAB,S.A.S NAGAR(MOHALI),277,241,36,0,,,69,4
RAJASTHAN,JHUNJHUNU,311,210,101,0,2137045,0.014553,78,4
SIKKIM,EAST SIKKIM,339,184,136,19,,,85,4
SIKKIM,WEST,208,92,111,5,,,52,4
ARUNACHAL PRADESH,LOWER SUBANSIRI,105,50,55,0,,,26,4
ARUNACHAL PRADESH,NAMSAI,150,95,54,1,,,38,4
BIHAR,SHEIKPURA,29,11,18,0,,,7,4
CHHATTISGARH,DAKSHIN BASTAR DANTEWADA,1224,1028,172,24,,,306,4
DADRA & NAGAR HAVELI,DADRA & NAGAR HAVELI,25,22,3,0,,,6,4
DADRA AND NAGAR HAVELI AND DAMAN AND DIU,DAMAN,121,96,16,9,,,30,4
HARYANA,PANCHKULA,1384,1287,92,5,561293,0.246574,346,4
JAMMU AND KASHMIR,KISHTWAR,1269,1058,205,6,,,317,4
JAMMU AND KASHMIR,SHUPIYAN,666,537,128,1,,,167,4
JHARKHAND,PASHCHIMI SINGHBHUM,599,346,252,1,,,150,4
MADHYA PRADESH,PANDHURNA,98,66,4,28,,,25,4
MAHARASHTRA,BID,568,439,129,0,,,142,4
MAHARASHTRA,GONDIYA *,57,53,4,0,,,14,4
UTTAR PRADESH,JYOTIBA PHULE NAGAR,84,61,23,0,,,21,4
UTTAR PRADESH,SANT RAVIDAS NAGAR BHADOHI,84,37,47,0,,,21,4
NAGALAND,MELURI,17,2,13,2,,,6,3
RAJASTHAN,DHAULPUR,139,93,46,0,,,35,4
ARUNACHAL PRADESH,ANJAW,37,23,11,3,,,9,4
ARUNACHAL PRADESH,EAST SIANG,168,80,86,2,,,42,4
ASSAM,TAMULPUR DISTRICT,55,22,33,0,,,14,4
CHHATTISGARH,DANTEWADA,710,584,126,0,533638,0.133049,178,4
JAMMU & KASHMIR,KARGIL,4,2,2,0,,,1,3
JHARKHAND,KODERMA,3222,2096,1114,12,716259,0.449837,806,4
KARNATAKA,CHAMARAJANAGAR *,23,23,0,0,,,6,4
MAHARASHTRA,DHARASHIV,144,89,28,27,,,36,4
MAHARASHTRA,GONDIA,29,25,4,0,1322331,0.002193,7,4
TRIPURA,DHALAI *,32,28,4,0,,,8,4
JAMMU AND KASHMIR,KULGAM,1211,970,232,9,,,303,4
MANIPUR,JIRIBAM,145,53,91,1,,,36,4
MIZORAM,SAITUAL,12,2,3,7,,,3,4
ARUNACHAL PRADESH,KRA DAADI,81,18,59,4,,,20,4
ARUNACHAL PRADESH,UPPER SUBANSIRI,143,76,55,12,,,36,4
BIHAR,BHABUA,31,14,17,0,,,8,4
UTTARAKHAND,CHAMPAWAT,866,769,96,1,,,217,4
ARUNACHAL PRADESH,KAMLE,30,3,25,2,,,8,4
JAMMU & KASHMIR,BARAMULA,47,43,4,0,,,12,4
KARNATAKA,HAVERI *,117,111,6,0,,,29,4
MIZORAM,MAMMIT,79,71,8,0,,,20,4
NAGALAND,SHAMATOR,247,3,221,23,,,62,4
PUNJAB,NAWANSHAHR,192,169,23,0,617508,0.031093,48,4
TELANGANA,JANGAON,81,66,15,0,,,20,4
100000,100000,218,0,1,217,,,55,4
BIHAR,MONGHYR,49,29,20,0,,,12,4
CHHATTISGARH,UTTAR BASTAR KANKER,888,718,162,8,,,222,4
DELHI,SOUTH EAST DELHI,60,46,9,5,1366143,0.004392,15,4
BIHAR,SAMSTIPUR,82,41,41,0,,,21,4
DAMAN & DIU,DIU,12,12,0,0,,,3,4
DELHI,NAJAFGARH,30,21,9,0,,,8,4
HIMACHAL PRADESH,KINNAUR,163,137,21,5,,,41,4
TAMIL NADU,TUTICORIN,2,1,1,0,1750176,0.000114,1,2
TELANGANA,WARANGAL (URBAN),7,6,1,0,,,2,3
LADAKH,LEH,125,101,13,11,,,31,4
ARUNACHAL PRADESH,SIANG,103,39,60,4,,,26,4
ARUNACHAL PRADESH,TIRAP,99,59,39,1,,,25,4
SIKKIM,NAMCHI,24,3,7,14,,,6,4
UTTARAKHAND,HARDWAR,146,118,28,0,,,37,4
NAGALAND,NIULAND,31,14,15,2,,,8,4
ANDHRA PRADESH,MAHABUBNAGAR,7,7,0,0,,,2,3
ARUNACHAL PRADESH,SHI-YOMI,35,8,22,5,,,9,4
WEST BANGAL,HOWRAH,4,2,2,0,,,2,2
MIZORAM,KHAWZAWL,36,5,7,24,,,9,4
CHHATTISGARH,JANJGIR - CHAMPA,33,32,1,0,,,8,4
DADRA AND NAGAR HAVELI AND DAMAN AND DIU,DIU,84,72,8,4,,,21,4
HIMACHAL PRADESH,LAHUL AND SPITI,32,31,1,0,,,8,4
CHHATTISGARH,JANJGIR CHAMPA,25,21,4,0,,,6,4
MAHARASHTRA,WASHIM *,32,28,4,0,,,8,4
ANDAMAN & NICOBAR ISLANDS,NICOBARS,1,1,0,0,,,1,1
ARUNACHAL PRADESH,LOWER SIANG,31,10,18,3,,,8,4
HARYANA,YAMUNANAGAR,59,56,3,0,1214162,0.004859,15,4
DAMAN & DIU,DAMAN,9,8,1,0,,,2,4
HIMACHAL PRADESH,LAHUL & SPITI,38,36,2,0,,,10,4
JAMMU & KASHMIR,JAMMU,62,52,10,0,,,16,4
HARYANA,JHAJJAR *,1,0,1,0,,,1,1
UTTAR PRADESH,RAEBARELI,3,0,3,0,3405559,0.000088,2,2
WEST BENGAL,HAWRAH,6,3,3,0,,,3,2
WESTBENGAL,HOOGHLY,7,4,3,0,,,2,4
JAMMU & KASHMIR,SRINAGAR,3,2,1,0,,,1,3
KARNATAKA,BENGALURU SOUTH,203,15,183,5,,,51,4
MAHARASHTRA,RAIGARH(MH),88,72,16,0,,,22,4
TAMIL NADU,TIRUPATHUR,4,4,0,0,,,4,1
ARUNACHAL PRADESH,DIBANG VALLEY,10,7,3,0,,,3,4
RAJASTHAN,DEEG,69,14,43,12,,,17,4
ARUNACHAL PRADESH,LEPARADA,3,0,2,1,,,1,3
JAMMU & KASHMIR,ANANTNAG,4,3,1,0,,,2,2
TELANGANA,MEDCHAL?MALKAJGIRI,2,1,1,0,,,1,2
WEST BENGAL,MEDINIPUR,29,26,3,0,,,7,4
CHHATTISGARH,MOHALLA-MANPUR-AMBAGARH CHOWKI,14,10,4,0,,,5,3
NAGALAND,TSEMINYU,32,7,15,10,,,8,4
UTTAR PRADESH,MAHRAJGANJ,19,10,9,0,,,5,4
MIZORAM,HNAHTHIAL,2,2,0,0,,,1,2
JAMMU & KASHMIR,KATHUA,8,8,0,0,,,3,3
ARUNACHAL PRADESH,PAKKE KESSANG,4,2,1,1,,,1,3
CHANDIGARH,RUPNAGAR,3,3,0,0,,,2,2
UTTAR PRADESH,KUSHINAGAR *,6,5,1,0,,,2,4
TAMIL NADU,TIRUVARUR,1,1,0,0,1268094,0.000079,1,1
JAMMU & KASHMIR,UDHAMPUR,2,2,0,0,,,1,2
WEST BENGAL,EAST MIDNAPUR,1,1,0,0,,,1,1
JAMMU & KASHMIR,KUPWARA,9,8,1,0,,,3,3
MAHARASHTRA,HINGOLI *,1,1,0,0,,,1,1
WEST BANGAL,HOOGHLY,6,5,1,0,,,2,4
DELHI,NORTH EAST *,2,2,0,0,,,2,1
GOA,BARDEZ,2,2,0,0,,,1,2
TAMIL NADU,NAMAKKAL *,1,0,1,0,,,1,1
WEST BENGAL,HOOGHIY,1,1,0,0,,,1,1
MANIPUR,PHERZAWL,11,1,10,0,,,3,4
MEGHALAYA,JAINTIA HILLS,4,4,0,0,,,4,1
JAMMU & KASHMIR,PULWAMA,4,4,0,0,,,1,3
WEST BENGAL,WEST MEDINIPUR,2,1,1,0,,,2,1
HIMACHAL PRADESH,LAHAUL AND SPITI,3,3,0,0,,,2,2
WEST BENGAL,BURDWAN,2,2,0,0,,,2,1
JAMMU & KASHMIR,BANDIPUR,2,2,0,0,,,1,2
SIKKIM,MANGAN,3,0,2,1,,,1,3
JAMMU & KASHMIR,LEH (LADAKH),3,3,0,0,,,2,2
JHARKHAND,BOKARO *,2,2,0,0,,,1,2
WEST BENGAL,SOUTH 24 PARGANA,2,1,1,0,,,1,2
MAHARASHTRA,AHILYANAGAR,13,12,1,0,,,13,1
ODISHA,ANUGAL,3,1,2,0,,,2,2
KARNATAKA,UDUPI *,2,2,0,0,,,2,1
ODISHA,KENDRAPARA *,1,1,0,0,,,1,1
JAMMU & KASHMIR,DODA,2,2,0,0,,,2,1
JAMMU & KASHMIR,RAJAURI,2,1,1,0,,,1,2
JAMMU & KASHMIR,BADGAM,2,0,2,0,,,2,1
KARNATAKA,BIJAPUR(KAR),3,3,0,0,,,2,2
UTTAR PRADESH,BAGPAT,1,0,1,0,,,1,1
RAJASTHAN,BALOTRA,1,1,0,0,,,1,1
JAMMU & KASHMIR,PUNCH,1,1,0,0,,,1,1
RAJASTHAN,DIDWANA-KUCHAMAN,2,2,0,0,,,2,1
RAJASTHAN,SALUMBAR,1,1,0,0,,,1,1
RAJASTHAN,BEAWAR,1,1,0,0,,,1,1
